2015/9/7,0
2015/9/8,0
2015/9/9,0
2015/9/10,0
2015/9/11,0
2015/9/14,0
2015/9/15,0
2015/9/16,0
2015/9/17,0
2015/9/18,0
2015/9/24,0
2015/9/25,0
2015/9/28,0
2015/9/29,0
2015/9/30,0
2015/11/2,0
2015/11/4,0
2015/11/5,0
2015/11/6,0
2015/11/9,0
2015/11/10,0
2015/11/11,0
2015/11/12,0
2015/11/13,0
2015/11/16,0
2015/11/17,0
2015/11/18,0
2015/11/19,0
2015/11/20,0
2015/11/24,0
2015/11/25,0
2015/11/26,0
2015/11/27,0
2015/11/30,0
2015/12/1,0
2015/12/2,0
2015/12/3,0
2015/12/4,0
2015/12/7,0
2015/12/8,0
2015/12/9,0
2015/12/10,0
2015/12/11,0
2015/12/14,0
2015/12/15,0
2015/12/16,0
2015/12/17,0
2015/12/18,0
2015/12/21,0
2015/12/22,0
2015/12/24,0
2015/12/25,0
2016/1/6,0
2016/1/7,0
2016/1/8,0
2016/1/12,0
2016/1/13,0
2016/1/14,0
2016/1/15,0
2016/1/18,0
2016/1/19,0
2016/1/20,0
2016/1/21,0
2016/1/22,0
2016/1/25,0
2016/1/26,0
2016/1/27,0
2016/1/28,0
2016/1/29,0
2016/2/1,0
2016/2/2,0
2016/2/3,0
2016/2/4,0
2016/2/5,0
2016/2/8,0
2016/2/9,0
2016/2/10,0
2016/2/15,0
2016/2/16,0
2016/2/17,0
2016/2/18,0
2016/2/19,0
2016/2/22,0
2016/2/23,0
2016/2/24,0
2016/2/25,0
2016/2/26,0
2016/2/29,0
2016/3/1,0
2016/3/2,0
2016/3/3,0
2016/3/7,0
2016/3/8,0
2016/3/9,0
2016/3/10,0
2016/3/11,0
2016/3/14,0
2016/3/15,0
2016/3/16,0
2016/3/17,0
2016/3/18,0
2016/3/22,0
2016/3/23,0
2016/3/24,0
2016/3/25,0
2016/3/28,0
2016/3/29,0
2016/3/30,0
2016/3/31,0
2016/4/1,0
2016/4/4,0
2016/4/5,0
2016/4/6,0
2016/4/7,0
2016/4/8,0
2016/4/11,0
2016/4/12,0
2016/4/13,0
2016/4/14,0
2016/4/15,0
2016/4/18,0
2016/4/19,0
2016/4/20,0
2016/4/21,0
2016/4/22,0
2016/4/25,0
2016/4/26,0
2016/4/27,0
2016/4/28,0
2016/5/2,0
2016/5/6,0
2016/5/9,0
2016/5/10,0
2016/5/11,0
2016/5/12,0
2016/5/13,0
2016/5/16,0
2016/5/17,0
2016/5/18,0
2016/5/19,0
2016/5/20,0
2016/5/23,0
2016/5/24,0
2016/5/25,0
